{
  "settings": {
    "method": "gmm",
    "radial_bins": 40,
    "feature_set": "all"
  },
  "gt_precip_fraction": 0.109375,
  "pred_precip_fraction": 0.7666015625,
  "best_label_mapping": 1,
  "metrics": {
    "IoU": 0.12406015037593969,
    "F1": 0.220735785953177,
    "precision": 0.1261146496815285,
    "recall": 0.8839285714285636,
    "TP": 99,
    "FP": 686,
    "FN": 13
  },
  "matrix_only_cluster_fraction_label1": 0.5,
  "matrix_only_unique_labels": [
    0,
    1
  ]
}