{
  "settings": {
    "method": "gmm",
    "radial_bins": 40,
    "feature_set": "all"
  },
  "gt_precip_fraction": 0.109375,
  "pred_precip_fraction": 0.09765625,
  "best_label_mapping": 1,
  "metrics": {
    "IoU": 0.2183908045976999,
    "F1": 0.35849056603773416,
    "precision": 0.37999999999999623,
    "recall": 0.33928571428571125,
    "TP": 38,
    "FP": 62,
    "FN": 74
  },
  "matrix_only_cluster_fraction_label1": 0.5,
  "matrix_only_unique_labels": [
    0,
    1
  ]
}