{
  "FP_frac_matrix_only": 0.0,
  "GT_precip_frac": 0.109375,
  "pred_precip_frac": 0.09765625,
  "metrics_precip": {
    "IoU": 0.2183908045976999,
    "F1": 0.35849056603773416,
    "precision": 0.37999999999999623,
    "recall": 0.33928571428571125,
    "TP": 38,
    "FP": 62,
    "FN": 74,
    "TN": 850
  }
}